date,team1,team1pts,team2,team2pts
2014-10-28,HOU,108.0,LAL,90.0
2014-10-28,ORL,84.0,NOP,101.0
2014-10-28,DAL,100.0,SAS,101.0
2014-10-29,BRK,105.0,BOS,121.0
2014-10-29,MIL,106.0,CHO,108.0
2014-10-29,DET,79.0,DEN,89.0
2014-10-29,PHI,91.0,IND,103.0
2014-10-29,MIN,101.0,MEM,105.0
2014-10-29,WAS,95.0,MIA,107.0
2014-10-29,CHI,104.0,NYK,80.0
2014-10-29,LAL,99.0,PHO,119.0
2014-10-29,OKC,89.0,POR,106.0
2014-10-29,GSW,95.0,SAC,77.0
2014-10-29,ATL,102.0,TOR,109.0
2014-10-29,HOU,104.0,UTA,93.0
2014-10-30,NYK,95.0,CLE,90.0
2014-10-30,UTA,102.0,DAL,120.0
2014-10-30,OKC,90.0,LAC,93.0
2014-10-30,DET,91.0,MIN,97.0
2014-10-30,WAS,105.0,ORL,98.0
2014-10-31,CLE,114.0,CHI,108.0
2014-10-31,MEM,97.0,IND,89.0
2014-10-31,LAC,118.0,LAL,111.0
2014-10-31,PHI,81.0,MIL,93.0
2014-10-31,SAS,89.0,PHO,94.0
2014-10-31,POR,94.0,SAC,103.0
2014-11-01,IND,92.0,ATL,102.0
2014-11-01,MEM,71.0,CHO,69.0
2014-11-01,BRK,102.0,DET,90.0
2014-11-01,LAL,104.0,GSW,127.0
2014-11-01,BOS,90.0,HOU,104.0
2014-11-01,CHI,106.0,MIN,105.0
2014-11-01,DAL,109.0,NOP,104.0
2014-11-01,DEN,91.0,OKC,102.0
2014-11-01,TOR,108.0,ORL,95.0
2014-11-01,MIA,114.0,PHI,96.0
2014-11-01,PHO,91.0,UTA,118.0
2014-11-01,MIL,97.0,WAS,108.0
2014-11-02,SAC,98.0,LAC,92.0
2014-11-02,TOR,102.0,MIA,107.0
2014-11-02,CHO,93.0,NYK,96.0
2014-11-02,GSW,95.0,POR,90.0
2014-11-03,OKC,85.0,BRK,116.0
2014-11-03,BOS,113.0,DAL,118.0
2014-11-03,SAC,110.0,DEN,105.0
2014-11-03,UTA,101.0,LAC,107.0
2014-11-03,NOP,81.0,MEM,93.0
2014-11-03,HOU,104.0,PHI,93.0
2014-11-04,ORL,90.0,CHI,98.0
2014-11-04,MIL,87.0,IND,81.0
2014-11-04,PHO,112.0,LAL,106.0
2014-11-04,HOU,108.0,MIA,91.0
2014-11-04,CHO,91.0,NOP,100.0
2014-11-04,WAS,98.0,NYK,83.0
2014-11-04,CLE,82.0,POR,101.0
2014-11-04,OKC,88.0,TOR,100.0
2014-11-05,TOR,110.0,BOS,107.0
2014-11-05,MIN,98.0,BRK,91.0
2014-11-05,MIA,89.0,CHO,96.0
2014-11-05,NYK,95.0,DET,98.0
2014-11-05,LAC,104.0,GSW,121.0
2014-11-05,CHI,95.0,MIL,86.0
2014-11-05,ORL,91.0,PHI,89.0
2014-11-05,MEM,102.0,PHO,91.0
2014-11-05,DEN,109.0,SAC,131.0
2014-11-05,ATL,92.0,SAS,94.0
2014-11-05,CLE,100.0,UTA,102.0
2014-11-05,IND,94.0,WAS,96.0
2014-11-06,SAS,81.0,HOU,98.0
2014-11-06,DAL,87.0,POR,108.0
2014-11-07,IND,98.0,BOS,101.0
2014-11-07,NYK,99.0,BRK,110.0
2014-11-07,ATL,119.0,CHO,122.0
2014-11-07,CLE,110.0,DEN,101.0
2014-11-07,MIL,95.0,DET,98.0
2014-11-07,MEM,91.0,OKC,89.0
2014-11-07,MIN,103.0,ORL,112.0
2014-11-07,CHI,118.0,PHI,115.0
2014-11-07,SAC,114.0,PHO,112.0
2014-11-07,WAS,84.0,TOR,103.0
2014-11-07,DAL,105.0,UTA,82.0
2014-11-08,NYK,96.0,ATL,103.0
2014-11-08,BOS,106.0,CHI,101.0
2014-11-08,GSW,98.0,HOU,87.0
2014-11-08,WAS,97.0,IND,90.0
2014-11-08,POR,102.0,LAC,106.0
2014-11-08,MIN,92.0,MIA,102.0
2014-11-08,MEM,92.0,MIL,93.0
2014-11-08,NOP,100.0,SAS,99.0
2014-11-09,ORL,96.0,BRK,104.0
2014-11-09,MIA,105.0,DAL,96.0
2014-11-09,UTA,97.0,DET,96.0
2014-11-09,CHO,92.0,LAL,107.0
2014-11-09,SAC,93.0,OKC,101.0
2014-11-09,GSW,95.0,PHO,107.0
2014-11-09,DEN,100.0,POR,116.0
2014-11-09,PHI,88.0,TOR,120.0
2014-11-10,DET,91.0,CHI,102.0
2014-11-10,NOP,111.0,CLE,118.0
2014-11-10,UTA,86.0,IND,97.0
2014-11-10,SAS,89.0,LAC,85.0
2014-11-10,ATL,91.0,NYK,85.0
2014-11-11,SAC,98.0,DAL,106.0
2014-11-11,SAS,113.0,GSW,100.0
2014-11-11,LAL,102.0,MEM,107.0
2014-11-11,OKC,78.0,MIL,85.0
2014-11-11,CHO,100.0,POR,102.0
2014-11-11,ORL,100.0,TOR,104.0
2014-11-12,UTA,97.0,ATL,100.0
2014-11-12,OKC,109.0,BOS,94.0
2014-11-12,POR,130.0,DEN,113.0
2014-11-12,IND,81.0,MIA,75.0
2014-11-12,HOU,113.0,MIN,101.0
2014-11-12,LAL,102.0,NOP,109.0
2014-11-12,ORL,97.0,NYK,95.0
2014-11-12,BRK,104.0,PHO,112.0
2014-11-12,DET,103.0,WAS,107.0
2014-11-13,PHI,70.0,DAL,123.0
2014-11-13,BRK,99.0,GSW,107.0
2014-11-13,SAC,110.0,MEM,111.0
2014-11-13,CHI,100.0,TOR,93.0
2014-11-14,MIA,103.0,ATL,114.0
2014-11-14,CLE,122.0,BOS,121.0
2014-11-14,PHI,87.0,HOU,88.0
2014-11-14,DEN,108.0,IND,87.0
2014-11-14,SAS,93.0,LAL,80.0
2014-11-14,MIN,91.0,NOP,139.0
2014-11-14,UTA,102.0,NYK,100.0
2014-11-14,DET,96.0,OKC,89.0
2014-11-14,MIL,85.0,ORL,101.0
2014-11-14,CHO,103.0,PHO,95.0
2014-11-15,IND,99.0,CHI,90.0
2014-11-15,ATL,94.0,CLE,127.0
2014-11-15,MIN,117.0,DAL,131.0
2014-11-15,CHO,87.0,GSW,112.0
2014-11-15,PHO,107.0,LAC,120.0
2014-11-15,DET,88.0,MEM,95.0
2014-11-15,BRK,87.0,POR,97.0
2014-11-15,SAS,91.0,SAC,94.0
2014-11-15,UTA,93.0,TOR,111.0
2014-11-15,ORL,93.0,WAS,98.0
2014-11-16,GSW,136.0,LAL,115.0
2014-11-16,MIL,91.0,MIA,84.0
2014-11-16,DEN,93.0,NYK,109.0
2014-11-16,HOU,69.0,OKC,65.0
2014-11-17,PHO,118.0,BOS,114.0
2014-11-17,MIA,95.0,BRK,83.0
2014-11-17,DAL,107.0,CHO,80.0
2014-11-17,DEN,106.0,CLE,97.0
2014-11-17,ORL,107.0,DET,93.0
2014-11-17,CHI,105.0,LAC,89.0
2014-11-17,HOU,93.0,MEM,119.0
2014-11-17,NOP,93.0,POR,102.0
2014-11-17,PHI,75.0,SAS,100.0
2014-11-18,LAL,114.0,ATL,109.0
2014-11-18,NYK,113.0,MIL,117.0
2014-11-18,NOP,106.0,SAC,100.0
2014-11-18,OKC,81.0,UTA,98.0
2014-11-19,MIL,122.0,BRK,118.0
2014-11-19,SAS,92.0,CLE,90.0
2014-11-19,OKC,100.0,DEN,107.0
2014-11-19,PHO,88.0,DET,86.0
2014-11-19,LAL,98.0,HOU,92.0
2014-11-19,CHO,86.0,IND,88.0
2014-11-19,NYK,99.0,MIN,115.0
2014-11-19,LAC,114.0,ORL,90.0
2014-11-19,BOS,101.0,PHI,90.0
2014-11-19,MEM,92.0,TOR,96.0
2014-11-19,DAL,105.0,WAS,102.0
2014-11-20,LAC,110.0,MIA,93.0
2014-11-20,CHI,88.0,SAC,103.0
2014-11-21,DET,89.0,ATL,99.0
2014-11-21,ORL,105.0,CHO,100.0
2014-11-21,LAL,106.0,DAL,140.0
2014-11-21,NOP,97.0,DEN,117.0
2014-11-21,UTA,88.0,GSW,101.0
2014-11-21,BOS,100.0,MEM,117.0
2014-11-21,SAS,121.0,MIN,92.0
2014-11-21,BRK,94.0,OKC,92.0
2014-11-21,PHO,122.0,PHI,96.0
2014-11-21,CHI,87.0,POR,105.0
2014-11-21,MIL,82.0,TOR,124.0
2014-11-21,CLE,78.0,WAS,91.0
2014-11-22,TOR,110.0,CLE,93.0
2014-11-22,DAL,92.0,HOU,95.0
2014-11-22,PHO,106.0,IND,83.0
2014-11-22,WAS,111.0,MIL,100.0
2014-11-22,SAC,113.0,MIN,101.0
2014-11-22,PHI,83.0,NYK,91.0
2014-11-22,MIA,99.0,ORL,92.0
2014-11-22,BRK,87.0,SAS,99.0
2014-11-22,NOP,106.0,UTA,94.0
2014-11-23,POR,94.0,BOS,88.0
2014-11-23,DEN,101.0,LAL,94.0
2014-11-23,LAC,91.0,MEM,107.0
2014-11-23,CHO,93.0,MIA,94.0
2014-11-23,GSW,91.0,OKC,86.0
2014-11-24,LAC,113.0,CHO,92.0
2014-11-24,ORL,74.0,CLE,106.0
2014-11-24,IND,111.0,DAL,100.0
2014-11-24,NYK,86.0,HOU,91.0
2014-11-24,POR,114.0,PHI,104.0
2014-11-24,PHO,100.0,TOR,104.0
2014-11-24,CHI,97.0,UTA,95.0
2014-11-25,CHI,109.0,DEN,114.0
2014-11-25,GSW,114.0,MIA,97.0
2014-11-25,DET,86.0,MIL,98.0
2014-11-25,SAC,99.0,NOP,89.0
2014-11-25,ATL,106.0,WAS,102.0
2014-11-26,TOR,126.0,ATL,115.0
2014-11-26,POR,105.0,CHO,97.0
2014-11-26,WAS,87.0,CLE,113.0
2014-11-26,NYK,102.0,DAL,109.0
2014-11-26,LAC,104.0,DET,98.0
2014-11-26,SAC,89.0,HOU,102.0
2014-11-26,MEM,99.0,LAL,93.0
2014-11-26,MIL,103.0,MIN,86.0
2014-11-26,UTA,82.0,OKC,97.0
2014-11-26,GSW,111.0,ORL,96.0
2014-11-26,BRK,99.0,PHI,91.0
2014-11-26,DEN,112.0,PHO,120.0
2014-11-26,IND,100.0,SAS,106.0
2014-11-28,NOP,91.0,ATL,100.0
2014-11-28,CHI,109.0,BOS,102.0
2014-11-28,GSW,106.0,CHO,101.0
2014-11-28,PHO,97.0,DEN,122.0
2014-11-28,MIL,104.0,DET,88.0
2014-11-28,LAC,102.0,HOU,85.0
2014-11-28,ORL,83.0,IND,98.0
2014-11-28,MIN,120.0,LAL,119.0
2014-11-28,NYK,78.0,OKC,105.0
2014-11-28,MEM,112.0,POR,99.0
2014-11-28,SAC,104.0,SAS,112.0
2014-11-28,DAL,106.0,TOR,102.0
2014-11-29,CHO,75.0,ATL,105.0
2014-11-29,IND,97.0,CLE,109.0
2014-11-29,HOU,117.0,MIL,103.0
2014-11-29,DAL,110.0,PHI,103.0
2014-11-29,LAC,112.0,UTA,96.0
2014-11-29,NOP,80.0,WAS,83.0
2014-11-30,SAS,111.0,BOS,89.0
2014-11-30,CHI,102.0,BRK,84.0
2014-11-30,GSW,104.0,DET,93.0
2014-11-30,TOR,122.0,LAL,129.0
2014-11-30,MIA,86.0,NYK,79.0
2014-11-30,ORL,93.0,PHO,90.0
2014-11-30,MIN,93.0,POR,107.0
2014-11-30,MEM,97.0,SAC,85.0
2014-12-01,MIN,101.0,LAC,127.0
2014-12-01,SAS,109.0,PHI,103.0
2014-12-01,DEN,103.0,UTA,101.0
2014-12-01,MIA,86.0,WAS,107.0
2014-12-02,BOS,105.0,ATL,109.0
2014-12-02,DAL,132.0,CHI,129.0
2014-12-02,MIL,108.0,CLE,111.0
2014-12-02,POR,105.0,DEN,103.0
2014-12-02,LAL,106.0,DET,96.0
2014-12-02,ORL,97.0,GSW,98.0
2014-12-02,OKC,104.0,NOP,112.0
2014-12-02,BRK,98.0,NYK,93.0
2014-12-02,IND,99.0,PHO,116.0
2014-12-02,TOR,117.0,SAC,109.0
2014-12-03,DET,102.0,BOS,109.0
2014-12-03,SAS,93.0,BRK,95.0
2014-12-03,CHI,102.0,CHO,95.0
2014-12-03,MEM,96.0,HOU,105.0
2014-12-03,ORL,86.0,LAC,114.0
2014-12-03,ATL,112.0,MIA,102.0
2014-12-03,DAL,107.0,MIL,105.0
2014-12-03,PHI,85.0,MIN,77.0
2014-12-03,TOR,123.0,UTA,104.0
2014-12-03,LAL,95.0,WAS,111.0
2014-12-04,NOP,85.0,GSW,112.0
2014-12-04,CLE,90.0,NYK,87.0
2014-12-04,IND,82.0,POR,88.0
2014-12-05,LAL,96.0,BOS,113.0
2014-12-05,ATL,98.0,BRK,75.0
2014-12-05,NYK,102.0,CHO,103.0
2014-12-05,PHO,118.0,DAL,106.0
2014-12-05,SAS,107.0,MEM,101.0
2014-12-05,MIA,85.0,MIL,109.0
2014-12-05,HOU,114.0,MIN,112.0
2014-12-05,OKC,103.0,PHI,91.0
2014-12-05,IND,101.0,SAC,102.0
2014-12-05,CLE,105.0,TOR,91.0
2014-12-05,ORL,98.0,UTA,93.0
2014-12-05,DEN,89.0,WAS,119.0
2014-12-06,GSW,112.0,CHI,102.0
2014-12-06,PHI,108.0,DET,101.0
2014-12-06,PHO,95.0,HOU,100.0
2014-12-06,NOP,100.0,LAC,120.0
2014-12-06,ORL,105.0,SAC,96.0
2014-12-06,MIN,101.0,SAS,123.0
2014-12-07,DEN,84.0,ATL,96.0
2014-12-07,WAS,93.0,BOS,101.0
2014-12-07,MIL,102.0,DAL,125.0
2014-12-07,OKC,96.0,DET,94.0
2014-12-07,NOP,104.0,LAL,87.0
2014-12-07,MIA,87.0,MEM,103.0
2014-12-07,POR,103.0,NYK,99.0
2014-12-08,CLE,110.0,BRK,88.0
2014-12-08,ATL,108.0,IND,92.0
2014-12-08,PHO,120.0,LAC,121.0
2014-12-08,GSW,102.0,MIN,86.0
2014-12-08,UTA,92.0,SAC,101.0
2014-12-08,DEN,107.0,TOR,112.0
2014-12-08,BOS,132.0,WAS,133.0
2014-12-09,TOR,101.0,CLE,105.0
2014-12-09,POR,98.0,DET,86.0
2014-12-09,SAC,95.0,LAL,98.0
2014-12-09,DAL,105.0,MEM,114.0
2014-12-09,NYK,93.0,NOP,104.0
2014-12-09,MIL,101.0,OKC,114.0
2014-12-09,MIA,103.0,PHO,97.0
2014-12-09,SAS,96.0,UTA,100.0
2014-12-10,PHI,79.0,ATL,95.0
2014-12-10,BRK,80.0,CHI,105.0
2014-12-10,BOS,87.0,CHO,96.0
2014-12-10,NOP,107.0,DAL,112.0
2014-12-10,MIA,82.0,DEN,102.0
2014-12-10,HOU,93.0,GSW,105.0
2014-12-10,LAC,103.0,IND,96.0
2014-12-10,POR,82.0,MIN,90.0
2014-12-10,WAS,91.0,ORL,89.0
2014-12-10,NYK,95.0,SAS,109.0
2014-12-11,CLE,94.0,OKC,103.0
2014-12-11,HOU,113.0,SAC,109.0
2014-12-12,ORL,81.0,ATL,87.0
2014-12-12,NYK,101.0,BOS,95.0
2014-12-12,PHI,70.0,BRK,88.0
2014-12-12,POR,106.0,CHI,115.0
2014-12-12,CHO,107.0,MEM,113.0
2014-12-12,OKC,111.0,MIN,92.0
2014-12-12,CLE,114.0,NOP,119.0
2014-12-12,DET,105.0,PHO,103.0
2014-12-12,LAL,112.0,SAS,110.0
2014-12-12,IND,94.0,TOR,106.0
2014-12-12,MIA,100.0,UTA,95.0
2014-12-12,LAC,96.0,WAS,104.0
2014-12-13,BRK,114.0,CHO,87.0
2014-12-13,GSW,105.0,DAL,98.0
2014-12-13,DEN,96.0,HOU,108.0
2014-12-13,POR,95.0,IND,85.0
2014-12-13,LAC,106.0,MIL,111.0
2014-12-13,ATL,99.0,ORL,100.0
2014-12-13,MEM,120.0,PHI,115.0
2014-12-13,DET,95.0,SAC,90.0
2014-12-14,SAS,99.0,DEN,91.0
2014-12-14,CHI,93.0,MIA,75.0
2014-12-14,LAL,100.0,MIN,94.0
2014-12-14,GSW,128.0,NOP,122.0
2014-12-14,TOR,95.0,NYK,90.0
2014-12-14,PHO,88.0,OKC,112.0
2014-12-14,UTA,84.0,WAS,93.0
2014-12-15,CHI,86.0,ATL,93.0
2014-12-15,CHO,88.0,CLE,97.0
2014-12-15,LAL,91.0,IND,110.0
2014-12-15,DET,91.0,LAC,113.0
2014-12-15,BOS,105.0,PHI,87.0
2014-12-15,MIL,96.0,PHO,94.0
2014-12-15,SAS,95.0,POR,108.0
2014-12-15,ORL,82.0,TOR,95.0
2014-12-16,MIA,95.0,BRK,91.0
2014-12-16,GSW,98.0,MEM,105.0
2014-12-16,UTA,111.0,NOP,119.0
2014-12-16,DAL,107.0,NYK,87.0
2014-12-16,OKC,104.0,SAC,92.0
2014-12-16,MIN,95.0,WAS,109.0
2014-12-17,ORL,92.0,BOS,109.0
2014-12-17,PHO,111.0,CHO,106.0
2014-12-17,ATL,127.0,CLE,98.0
2014-12-17,HOU,115.0,DEN,111.0
2014-12-17,DAL,117.0,DET,106.0
2014-12-17,IND,100.0,LAC,102.0
2014-12-17,UTA,105.0,MIA,87.0
2014-12-17,MIL,97.0,POR,104.0
2014-12-17,MEM,117.0,SAS,116.0
2014-12-17,BRK,89.0,TOR,105.0
2014-12-18,NYK,97.0,CHI,103.0
2014-12-18,OKC,109.0,GSW,114.0
2014-12-18,NOP,99.0,HOU,90.0
2014-12-18,MIL,108.0,SAC,107.0
2014-12-19,MIN,98.0,BOS,114.0
2014-12-19,BRK,91.0,CLE,95.0
2014-12-19,LAC,106.0,DEN,109.0
2014-12-19,TOR,110.0,DET,100.0
2014-12-19,OKC,104.0,LAL,103.0
2014-12-19,CHI,103.0,MEM,97.0
2014-12-19,WAS,105.0,MIA,103.0
2014-12-19,UTA,101.0,ORL,94.0
2014-12-19,CHO,109.0,PHI,91.0
2014-12-19,POR,129.0,SAS,119.0
2014-12-20,UTA,86.0,CHO,104.0
2014-12-20,SAS,93.0,DAL,99.0
2014-12-20,IND,73.0,DEN,76.0
2014-12-20,ATL,104.0,HOU,97.0
2014-12-20,MIL,102.0,LAC,106.0
2014-12-20,POR,114.0,NOP,88.0
2014-12-20,PHO,99.0,NYK,90.0
2014-12-21,DET,105.0,BRK,110.0
2014-12-21,MEM,91.0,CLE,105.0
2014-12-21,BOS,84.0,MIA,100.0
2014-12-21,IND,100.0,MIN,96.0
2014-12-21,NOP,101.0,OKC,99.0
2014-12-21,PHI,96.0,ORL,88.0
2014-12-21,LAL,101.0,SAC,108.0
2014-12-21,NYK,108.0,TOR,118.0
2014-12-21,PHO,104.0,WAS,92.0
2014-12-22,TOR,120.0,CHI,129.0
2014-12-22,DEN,82.0,CHO,110.0
2014-12-22,ATL,105.0,DAL,102.0
2014-12-22,SAC,108.0,GSW,128.0
2014-12-22,POR,95.0,HOU,110.0
2014-12-22,UTA,97.0,MEM,91.0
2014-12-22,LAC,118.0,SAS,125.0
2014-12-23,LAC,104.0,ATL,107.0
2014-12-23,DEN,96.0,BRK,102.0
2014-12-23,MIN,104.0,CLE,125.0
2014-12-23,NOP,84.0,IND,96.0
2014-12-23,GSW,105.0,LAL,115.0
2014-12-23,PHI,91.0,MIA,87.0
2014-12-23,CHO,108.0,MIL,101.0
2014-12-23,POR,115.0,OKC,111.0
2014-12-23,BOS,95.0,ORL,100.0
2014-12-23,DAL,115.0,PHO,124.0
2014-12-23,CHI,99.0,WAS,91.0
2014-12-25,LAL,93.0,CHI,113.0
2014-12-25,GSW,86.0,LAC,100.0
2014-12-25,CLE,91.0,MIA,101.0
2014-12-25,WAS,102.0,NYK,91.0
2014-12-25,OKC,114.0,SAS,106.0
2014-12-26,MIL,107.0,ATL,77.0
2014-12-26,BRK,109.0,BOS,107.0
2014-12-26,LAL,98.0,DAL,102.0
2014-12-26,MIN,102.0,DEN,106.0
2014-12-26,IND,109.0,DET,119.0
2014-12-26,HOU,117.0,MEM,111.0
2014-12-26,SAS,90.0,NOP,97.0
2014-12-26,CHO,75.0,OKC,98.0
2014-12-26,CLE,98.0,ORL,89.0
2014-12-26,PHI,93.0,POR,114.0
2014-12-26,PHO,115.0,SAC,106.0
2014-12-27,IND,110.0,BRK,85.0
2014-12-27,NOP,100.0,CHI,107.0
2014-12-27,ORL,102.0,CHO,94.0
2014-12-27,MIN,97.0,GSW,110.0
2014-12-27,TOR,110.0,LAC,98.0
2014-12-27,MEM,103.0,MIA,95.0
2014-12-27,ATL,90.0,MIL,85.0
2014-12-27,NYK,129.0,SAC,135.0
2014-12-27,PHI,71.0,UTA,88.0
2014-12-27,BOS,88.0,WAS,101.0
2014-12-28,DET,103.0,CLE,80.0
2014-12-28,OKC,107.0,DAL,112.0
2014-12-28,TOR,116.0,DEN,102.0
2014-12-28,PHO,116.0,LAL,107.0
2014-12-28,NYK,79.0,POR,101.0
2014-12-28,HOU,106.0,SAS,110.0
2014-12-29,SAC,99.0,BRK,107.0
2014-12-29,MIL,104.0,CHO,94.0
2014-12-29,WAS,104.0,HOU,103.0
2014-12-29,CHI,92.0,IND,90.0
2014-12-29,UTA,97.0,LAC,101.0
2014-12-29,ORL,102.0,MIA,101.0
2014-12-30,CLE,101.0,ATL,109.0
2014-12-30,BRK,96.0,CHI,82.0
2014-12-30,WAS,87.0,DAL,114.0
2014-12-30,LAL,111.0,DEN,103.0
2014-12-30,PHI,86.0,GSW,126.0
2014-12-30,SAS,87.0,MEM,95.0
2014-12-30,PHO,106.0,NOP,110.0
2014-12-30,DET,109.0,ORL,86.0
2014-12-30,TOR,97.0,POR,102.0
2014-12-30,MIN,94.0,UTA,100.0
2014-12-31,SAC,84.0,BOS,106.0
2014-12-31,MIL,96.0,CLE,80.0
2014-12-31,CHO,83.0,HOU,102.0
2014-12-31,MIA,95.0,IND,106.0
2014-12-31,NYK,78.0,LAC,99.0
2014-12-31,PHO,134.0,OKC,137.0
2014-12-31,NOP,93.0,SAS,95.0
2015-01-01,DEN,101.0,CHI,106.0
2015-01-01,SAC,110.0,MIN,107.0
2015-01-02,DAL,119.0,BOS,101.0
2015-01-02,CLE,91.0,CHO,87.0
2015-01-02,TOR,105.0,GSW,126.0
2015-01-02,MEM,109.0,LAL,106.0
2015-01-02,IND,94.0,MIL,91.0
2015-01-02,HOU,83.0,NOP,111.0
2015-01-02,DET,97.0,NYK,81.0
2015-01-02,WAS,102.0,OKC,109.0
2015-01-02,BRK,100.0,ORL,98.0
2015-01-02,PHI,96.0,PHO,112.0
2015-01-02,ATL,98.0,UTA,92.0
2015-01-03,BOS,104.0,CHI,109.0
2015-01-03,MEM,85.0,DEN,114.0
2015-01-03,MIA,79.0,HOU,115.0
2015-01-03,PHI,91.0,LAC,127.0
2015-01-03,UTA,101.0,MIN,89.0
2015-01-03,CHO,98.0,ORL,90.0
2015-01-03,ATL,115.0,POR,107.0
2015-01-03,WAS,92.0,SAS,101.0
2015-01-04,DAL,109.0,CLE,90.0
2015-01-04,SAC,95.0,DET,114.0
2015-01-04,IND,87.0,LAL,88.0
2015-01-04,BRK,84.0,MIA,88.0
2015-01-04,MIL,95.0,NYK,82.0
2015-01-04,TOR,109.0,PHO,125.0
2015-01-05,CHO,104.0,BOS,95.0
2015-01-05,DAL,96.0,BRK,88.0
2015-01-05,HOU,105.0,CHI,114.0
2015-01-05,OKC,91.0,GSW,117.0
2015-01-05,ATL,107.0,LAC,98.0
2015-01-05,NYK,83.0,MEM,105.0
2015-01-05,DEN,110.0,MIN,101.0
2015-01-05,WAS,92.0,NOP,85.0
2015-01-05,CLE,92.0,PHI,95.0
2015-01-05,LAL,94.0,POR,98.0
2015-01-05,IND,105.0,UTA,101.0
2015-01-06,PHO,102.0,MIL,96.0
2015-01-06,DET,105.0,SAS,104.0
2015-01-07,MEM,86.0,ATL,96.0
2015-01-07,BOS,89.0,BRK,81.0
2015-01-07,UTA,97.0,CHI,77.0
2015-01-07,NOP,94.0,CHO,98.0
2015-01-07,HOU,105.0,CLE,93.0
2015-01-07,DET,108.0,DAL,95.0
2015-01-07,ORL,90.0,DEN,93.0
2015-01-07,IND,102.0,GSW,117.0
2015-01-07,LAL,89.0,LAC,114.0
2015-01-07,PHO,113.0,MIN,111.0
2015-01-07,MIL,97.0,PHI,77.0
2015-01-07,OKC,83.0,SAC,104.0
2015-01-07,NYK,91.0,WAS,101.0
2015-01-08,HOU,120.0,NYK,96.0
2015-01-08,MIA,83.0,POR,99.0
2015-01-08,CHO,103.0,TOR,95.0
2015-01-09,PHI,90.0,BRK,88.0
2015-01-09,ATL,106.0,DET,103.0
2015-01-09,CLE,94.0,GSW,112.0
2015-01-09,BOS,103.0,IND,107.0
2015-01-09,ORL,84.0,LAL,101.0
2015-01-09,MIN,84.0,MIL,98.0
2015-01-09,MEM,95.0,NOP,106.0
2015-01-09,UTA,94.0,OKC,99.0
2015-01-09,DEN,118.0,SAC,108.0
2015-01-09,PHO,95.0,SAS,100.0
2015-01-09,CHI,86.0,WAS,102.0
2015-01-10,MIL,87.0,CHI,95.0
2015-01-10,BRK,93.0,DET,98.0
2015-01-10,UTA,82.0,HOU,97.0
2015-01-10,DAL,100.0,LAC,120.0
2015-01-10,SAS,108.0,MIN,93.0
2015-01-10,CHO,110.0,NYK,82.0
2015-01-10,IND,92.0,PHI,93.0
2015-01-10,ORL,92.0,POR,103.0
2015-01-10,BOS,96.0,TOR,109.0
2015-01-11,WAS,89.0,ATL,120.0
2015-01-11,MIA,104.0,LAC,90.0
2015-01-11,POR,106.0,LAL,94.0
2015-01-11,PHO,110.0,MEM,122.0
2015-01-11,CLE,84.0,SAC,103.0
2015-01-12,NOP,100.0,BOS,108.0
2015-01-12,HOU,113.0,BRK,99.0
2015-01-12,ORL,121.0,CHI,114.0
2015-01-12,DET,114.0,TOR,111.0
2015-01-13,MIN,110.0,IND,101.0
2015-01-13,MIA,78.0,LAL,75.0
2015-01-13,ATL,105.0,PHI,87.0
2015-01-13,CLE,100.0,PHO,107.0
2015-01-13,DAL,108.0,SAC,104.0
2015-01-13,GSW,116.0,UTA,105.0
2015-01-13,SAS,93.0,WAS,101.0
2015-01-14,ATL,105.0,BOS,91.0
2015-01-14,MEM,103.0,BRK,92.0
2015-01-14,WAS,105.0,CHI,99.0
2015-01-14,SAS,98.0,CHO,93.0
2015-01-14,DAL,107.0,DEN,114.0
2015-01-14,NOP,105.0,DET,94.0
2015-01-14,MIA,89.0,GSW,104.0
2015-01-14,HOU,113.0,ORL,120.0
2015-01-14,LAC,100.0,POR,94.0
2015-01-14,PHI,84.0,TOR,100.0
2015-01-15,OKC,101.0,HOU,112.0
2015-01-15,CLE,109.0,LAL,102.0
2015-01-15,NYK,79.0,MIL,95.0
2015-01-16,CHI,119.0,BOS,103.0
2015-01-16,DEN,89.0,DAL,97.0
2015-01-16,DET,98.0,IND,96.0
2015-01-16,CLE,126.0,LAC,121.0
2015-01-16,GSW,115.0,OKC,127.0
2015-01-16,MEM,106.0,ORL,96.0
2015-01-16,NOP,81.0,PHI,96.0
2015-01-16,MIN,99.0,PHO,110.0
2015-01-16,MIA,95.0,SAC,83.0
2015-01-16,POR,96.0,SAS,110.0
2015-01-16,ATL,110.0,TOR,89.0
2015-01-16,LAL,85.0,UTA,94.0
2015-01-16,BRK,102.0,WAS,80.0
2015-01-17,WAS,99.0,BRK,90.0
2015-01-17,ATL,107.0,CHI,99.0
2015-01-17,IND,71.0,CHO,80.0
2015-01-17,MIN,113.0,DEN,105.0
2015-01-17,PHI,89.0,DET,107.0
2015-01-17,GSW,131.0,HOU,106.0
2015-01-17,POR,98.0,MEM,102.0
2015-01-17,LAC,117.0,SAC,108.0
2015-01-18,OKC,127.0,ORL,99.0
2015-01-18,UTA,69.0,SAS,89.0
2015-01-18,NOP,95.0,TOR,93.0
2015-01-19,DET,82.0,ATL,93.0
2015-01-19,MIN,80.0,CHO,105.0
2015-01-19,CHI,94.0,CLE,108.0
2015-01-19,DEN,79.0,GSW,122.0
2015-01-19,IND,98.0,HOU,110.0
2015-01-19,BOS,93.0,LAC,102.0
2015-01-19,DAL,103.0,MEM,95.0
2015-01-19,TOR,92.0,MIL,89.0
2015-01-19,NOP,92.0,NYK,99.0
2015-01-19,LAL,100.0,PHO,115.0
2015-01-19,SAC,94.0,POR,98.0
2015-01-19,PHI,76.0,WAS,111.0
2015-01-20,SAS,109.0,DEN,99.0
2015-01-20,OKC,94.0,MIA,86.0
2015-01-21,IND,91.0,ATL,110.0
2015-01-21,MIA,76.0,CHO,78.0
2015-01-21,UTA,92.0,CLE,106.0
2015-01-21,ORL,118.0,DET,128.0
2015-01-21,HOU,113.0,GSW,126.0
2015-01-21,TOR,86.0,MEM,92.0
2015-01-21,DAL,98.0,MIN,75.0
2015-01-21,LAL,80.0,NOP,96.0
2015-01-21,NYK,98.0,PHI,91.0
2015-01-21,POR,113.0,PHO,118.0
2015-01-21,BRK,103.0,SAC,100.0
2015-01-21,OKC,105.0,WAS,103.0
2015-01-22,SAS,81.0,CHI,104.0
2015-01-22,BRK,84.0,LAC,123.0
2015-01-22,UTA,101.0,MIL,99.0
2015-01-22,BOS,90.0,POR,89.0
2015-01-23,OKC,93.0,ATL,103.0
2015-01-23,CHO,90.0,CLE,129.0
2015-01-23,CHI,102.0,DAL,98.0
2015-01-23,BOS,100.0,DEN,99.0
2015-01-23,SAC,101.0,GSW,126.0
2015-01-23,IND,87.0,MIA,89.0
2015-01-23,NOP,92.0,MIN,84.0
2015-01-23,ORL,106.0,NYK,113.0
2015-01-23,TOR,91.0,PHI,86.0
2015-01-23,HOU,113.0,PHO,111.0
2015-01-23,LAL,85.0,SAS,99.0
2015-01-24,NYK,71.0,CHO,76.0
2015-01-24,PHI,83.0,MEM,101.0
2015-01-24,DET,86.0,MIL,101.0
2015-01-24,WAS,96.0,POR,103.0
2015-01-24,BRK,73.0,UTA,108.0
2015-01-25,MIN,100.0,ATL,112.0
2015-01-25,MIA,96.0,CHI,84.0
2015-01-25,OKC,98.0,CLE,108.0
2015-01-25,WAS,117.0,DEN,115.0
2015-01-25,BOS,111.0,GSW,114.0
2015-01-25,HOU,99.0,LAL,87.0
2015-01-25,DAL,106.0,NOP,109.0
2015-01-25,IND,106.0,ORL,99.0
2015-01-25,LAC,120.0,PHO,100.0
2015-01-25,MIL,95.0,SAS,101.0
2015-01-25,DET,110.0,TOR,114.0
2015-01-26,DEN,98.0,LAC,102.0
2015-01-26,ORL,94.0,MEM,103.0
2015-01-26,PHI,74.0,NOP,99.0
2015-01-26,MIN,84.0,OKC,92.0
2015-01-26,BOS,99.0,UTA,90.0
2015-01-27,MEM,109.0,DAL,90.0
2015-01-27,CLE,103.0,DET,95.0
2015-01-27,CHI,113.0,GSW,111.0
2015-01-27,TOR,104.0,IND,91.0
2015-01-27,WAS,98.0,LAL,92.0
2015-01-27,MIL,109.0,MIA,102.0
2015-01-28,BRK,102.0,ATL,113.0
2015-01-28,POR,94.0,CLE,99.0
2015-01-28,DAL,94.0,HOU,99.0
2015-01-28,BOS,98.0,MIN,110.0
2015-01-28,DEN,93.0,NOP,85.0
2015-01-28,OKC,92.0,NYK,100.0
2015-01-28,DET,69.0,PHI,89.0
2015-01-28,WAS,98.0,PHO,106.0
2015-01-28,CHO,86.0,SAS,95.0
2015-01-28,SAC,102.0,TOR,119.0
2015-01-28,LAC,94.0,UTA,89.0
2015-01-29,NYK,82.0,IND,103.0
2015-01-29,CHI,118.0,LAL,123.0
2015-01-29,DEN,69.0,MEM,99.0
2015-01-29,MIL,115.0,ORL,100.0
2015-01-30,POR,99.0,ATL,105.0
2015-01-30,HOU,93.0,BOS,87.0
2015-01-30,TOR,127.0,BRK,122.0
2015-01-30,SAC,90.0,CLE,101.0
2015-01-30,DAL,93.0,MIA,72.0
2015-01-30,LAC,103.0,NOP,108.0
2015-01-30,MIN,94.0,PHI,103.0
2015-01-30,CHI,93.0,PHO,99.0
2015-01-30,GSW,100.0,UTA,110.0
2015-01-31,PHI,85.0,ATL,91.0
2015-01-31,CHO,104.0,DEN,86.0
2015-01-31,HOU,101.0,DET,114.0
2015-01-31,PHO,87.0,GSW,106.0
2015-01-31,SAC,99.0,IND,94.0
2015-01-31,OKC,74.0,MEM,85.0
2015-01-31,POR,88.0,MIL,95.0
2015-01-31,CLE,106.0,MIN,90.0
2015-01-31,DAL,108.0,ORL,93.0
2015-01-31,LAC,105.0,SAS,85.0
2015-01-31,TOR,120.0,WAS,116.0
2015-02-01,MIA,83.0,BOS,75.0
2015-02-01,LAL,80.0,NYK,92.0
2015-02-02,LAC,100.0,BRK,102.0
2015-02-02,PHI,84.0,CLE,97.0
2015-02-02,MIN,94.0,DAL,100.0
2015-02-02,ATL,100.0,NOP,115.0
2015-02-02,ORL,97.0,OKC,104.0
2015-02-02,MEM,102.0,PHO,101.0
2015-02-02,MIL,82.0,TOR,75.0
2015-02-02,CHO,92.0,WAS,88.0
2015-02-03,MIA,91.0,DET,108.0
2015-02-03,BOS,108.0,NYK,97.0
2015-02-03,DEN,98.0,PHI,105.0
2015-02-03,UTA,102.0,POR,103.0
2015-02-03,GSW,121.0,SAC,96.0
2015-02-04,WAS,96.0,ATL,105.0
2015-02-04,DEN,100.0,BOS,104.0
2015-02-04,DAL,114.0,GSW,128.0
2015-02-04,CHI,90.0,HOU,101.0
2015-02-04,DET,109.0,IND,114.0
2015-02-04,LAL,105.0,MIL,113.0
2015-02-04,MIA,101.0,MIN,102.0
2015-02-04,OKC,102.0,NOP,91.0
2015-02-04,ORL,103.0,SAS,110.0
2015-02-04,BRK,109.0,TOR,93.0
2015-02-04,MEM,100.0,UTA,90.0
2015-02-05,WAS,87.0,CHO,94.0
2015-02-05,LAC,94.0,CLE,105.0
2015-02-05,PHO,87.0,POR,108.0
2015-02-05,DAL,101.0,SAC,78.0
2015-02-06,GSW,116.0,ATL,124.0
2015-02-06,PHI,96.0,BOS,107.0
2015-02-06,NYK,88.0,BRK,92.0
2015-02-06,DEN,88.0,DET,98.0
2015-02-06,MIL,111.0,HOU,117.0
2015-02-06,CLE,99.0,IND,103.0
2015-02-06,MEM,89.0,MIN,90.0
2015-02-06,NOP,116.0,OKC,113.0
2015-02-06,LAL,97.0,ORL,103.0
2015-02-06,UTA,93.0,PHO,100.0
2015-02-06,MIA,85.0,SAS,98.0
2015-02-06,LAC,107.0,TOR,123.0
2015-02-07,POR,101.0,DAL,111.0
2015-02-07,BOS,93.0,MIL,96.0
2015-02-07,CHI,107.0,NOP,72.0
2015-02-07,GSW,106.0,NYK,92.0
2015-02-07,CHO,81.0,PHI,89.0
2015-02-07,SAC,90.0,UTA,102.0
2015-02-07,BRK,77.0,WAS,114.0
2015-02-08,IND,103.0,CHO,102.0
2015-02-08,LAL,105.0,CLE,120.0
2015-02-08,MIN,112.0,DET,101.0
2015-02-08,POR,109.0,HOU,98.0
2015-02-08,ATL,88.0,MEM,94.0
2015-02-08,LAC,108.0,OKC,131.0
2015-02-08,CHI,98.0,ORL,97.0
2015-02-08,PHO,83.0,SAC,85.0
2015-02-08,SAS,82.0,TOR,87.0
2015-02-09,LAC,115.0,DAL,98.0
2015-02-09,OKC,124.0,DEN,114.0
2015-02-09,SAS,95.0,IND,93.0
2015-02-09,NYK,95.0,MIA,109.0
2015-02-09,BRK,97.0,MIL,103.0
2015-02-09,ATL,117.0,MIN,105.0
2015-02-09,UTA,100.0,NOP,96.0
2015-02-09,GSW,89.0,PHI,84.0
2015-02-09,ORL,80.0,WAS,96.0
2015-02-10,SAC,86.0,CHI,104.0
2015-02-10,DET,106.0,CHO,78.0
2015-02-10,DEN,106.0,LAL,96.0
2015-02-10,BRK,86.0,MEM,95.0
2015-02-10,HOU,127.0,PHO,118.0
2015-02-11,ATL,88.0,BOS,89.0
2015-02-11,MIA,93.0,CLE,113.0
2015-02-11,UTA,82.0,DAL,87.0
2015-02-11,SAS,104.0,DET,87.0
2015-02-11,HOU,95.0,LAC,110.0
2015-02-11,SAC,103.0,MIL,111.0
2015-02-11,GSW,94.0,MIN,91.0
2015-02-11,IND,106.0,NOP,93.0
2015-02-11,MEM,89.0,OKC,105.0
2015-02-11,NYK,83.0,ORL,89.0
2015-02-11,LAL,86.0,POR,102.0
2015-02-11,WAS,93.0,TOR,95.0
2015-02-12,CLE,98.0,CHI,113.0
2015-02-19,SAS,115.0,LAC,119.0
2015-02-19,DAL,89.0,OKC,104.0
2015-02-20,TOR,105.0,ATL,80.0
2015-02-20,HOU,100.0,DAL,111.0
2015-02-20,CHI,91.0,DET,100.0
2015-02-20,SAS,99.0,GSW,110.0
2015-02-20,BRK,114.0,LAL,105.0
2015-02-20,DEN,81.0,MIL,89.0
2015-02-20,PHO,109.0,MIN,111.0
2015-02-20,MIA,111.0,NYK,87.0
2015-02-20,NOP,84.0,ORL,95.0
2015-02-20,IND,106.0,PHI,95.0
2015-02-20,BOS,101.0,SAC,109.0
2015-02-20,POR,76.0,UTA,92.0
2015-02-20,CLE,127.0,WAS,89.0
2015-02-21,PHO,107.0,CHI,112.0
2015-02-21,OKC,110.0,CHO,103.0
2015-02-21,TOR,76.0,HOU,98.0
2015-02-21,SAC,99.0,LAC,126.0
2015-02-21,NOP,105.0,MIA,91.0
2015-02-22,CHO,81.0,DAL,92.0
2015-02-22,WAS,89.0,DET,106.0
2015-02-22,GSW,98.0,IND,104.0
2015-02-22,BOS,111.0,LAL,118.0
2015-02-22,ATL,97.0,MIL,86.0
2015-02-22,CLE,101.0,NYK,83.0
2015-02-22,DEN,94.0,OKC,119.0
2015-02-22,PHI,98.0,ORL,103.0
2015-02-22,MEM,98.0,POR,92.0
2015-02-23,MIL,71.0,CHI,87.0
2015-02-23,BRK,110.0,DEN,82.0
2015-02-23,MIN,102.0,HOU,113.0
2015-02-23,MEM,90.0,LAC,87.0
2015-02-23,PHI,108.0,MIA,119.0
2015-02-23,TOR,97.0,NOP,100.0
2015-02-23,BOS,115.0,PHO,110.0
2015-02-23,SAS,81.0,UTA,90.0
2015-02-24,TOR,92.0,DAL,99.0
2015-02-24,CLE,102.0,DET,93.0
2015-02-24,IND,92.0,OKC,105.0
2015-02-24,GSW,114.0,WAS,107.0
2015-02-25,DAL,87.0,ATL,104.0
2015-02-25,NYK,94.0,BOS,115.0
2015-02-25,CHO,98.0,CHI,86.0
2015-02-25,PHO,110.0,DEN,96.0
2015-02-25,LAC,105.0,HOU,110.0
2015-02-25,PHI,88.0,MIL,104.0
2015-02-25,WAS,77.0,MIN,97.0
2015-02-25,BRK,96.0,NOP,102.0
2015-02-25,MIA,93.0,ORL,90.0
2015-02-25,SAS,95.0,POR,111.0
2015-02-25,MEM,90.0,SAC,102.0
2015-02-25,LAL,100.0,UTA,97.0
2015-02-26,GSW,99.0,CLE,110.0
2015-02-26,OKC,113.0,PHO,117.0
2015-02-27,ORL,88.0,ATL,95.0
2015-02-27,CHO,98.0,BOS,106.0
2015-02-27,MIN,89.0,CHI,96.0
2015-02-27,UTA,104.0,DEN,82.0
2015-02-27,NYK,121.0,DET,115.0
2015-02-27,BRK,98.0,HOU,102.0
2015-02-27,CLE,86.0,IND,93.0
2015-02-27,MIL,93.0,LAL,101.0
2015-02-27,LAC,97.0,MEM,79.0
2015-02-27,MIA,102.0,NOP,104.0
2015-02-27,WAS,81.0,PHI,89.0
2015-02-27,OKC,112.0,POR,115.0
2015-02-27,SAS,107.0,SAC,96.0
2015-02-27,GSW,113.0,TOR,89.0
2015-02-28,BRK,104.0,DAL,94.0
2015-02-28,ATL,93.0,MIA,91.0
2015-02-28,MEM,101.0,MIN,97.0
2015-02-28,TOR,98.0,NYK,103.0
2015-02-28,SAS,101.0,PHO,74.0
2015-02-28,MIL,75.0,UTA,82.0
2015-02-28,DET,95.0,WAS,99.0
2015-03-01,GSW,106.0,BOS,101.0
2015-03-01,LAC,96.0,CHI,86.0
2015-03-01,NOP,99.0,DEN,92.0
2015-03-01,CLE,103.0,HOU,105.0
2015-03-01,PHI,74.0,IND,94.0
2015-03-01,OKC,108.0,LAL,101.0
2015-03-01,CHO,98.0,ORL,83.0
2015-03-01,POR,110.0,SAC,99.0
2015-03-02,GSW,108.0,BRK,110.0
2015-03-02,NOP,93.0,DAL,102.0
2015-03-02,PHO,98.0,MIA,115.0
2015-03-02,LAC,110.0,MIN,105.0
2015-03-02,TOR,114.0,PHI,103.0
2015-03-03,HOU,96.0,ATL,104.0
2015-03-03,WAS,92.0,CHI,97.0
2015-03-03,LAL,103.0,CHO,104.0
2015-03-03,BOS,79.0,CLE,110.0
2015-03-03,MIL,95.0,DEN,106.0
2015-03-03,UTA,93.0,MEM,82.0
2015-03-03,SAC,124.0,NYK,86.0
2015-03-04,UTA,84.0,BOS,85.0
2015-03-04,CHO,115.0,BRK,91.0
2015-03-04,MIL,93.0,GSW,102.0
2015-03-04,MEM,102.0,HOU,100.0
2015-03-04,NYK,82.0,IND,105.0
2015-03-04,POR,98.0,LAC,93.0
2015-03-04,LAL,94.0,MIA,100.0
2015-03-04,DEN,100.0,MIN,85.0
2015-03-04,DET,85.0,NOP,88.0
2015-03-04,PHI,118.0,OKC,123.0
2015-03-04,PHO,105.0,ORL,100.0
2015-03-04,SAC,85.0,SAS,112.0
2015-03-04,CLE,120.0,TOR,112.0
2015-03-05,OKC,105.0,CHI,108.0
2015-03-05,DAL,75.0,POR,94.0
2015-03-06,CLE,97.0,ATL,106.0
2015-03-06,PHO,108.0,BRK,100.0
2015-03-06,TOR,94.0,CHO,103.0
2015-03-06,DAL,89.0,GSW,104.0
2015-03-06,DET,93.0,HOU,103.0
2015-03-06,CHI,84.0,IND,98.0
2015-03-06,LAL,90.0,MEM,97.0
2015-03-06,BOS,104.0,NOP,98.0
2015-03-06,SAC,114.0,ORL,119.0
2015-03-06,UTA,89.0,PHI,83.0
2015-03-06,DEN,111.0,SAS,120.0
2015-03-06,MIA,97.0,WAS,99.0
2015-03-07,PHO,79.0,CLE,89.0
2015-03-07,HOU,114.0,DEN,100.0
2015-03-07,SAC,109.0,MIA,114.0
2015-03-07,WAS,85.0,MIL,91.0
2015-03-07,POR,113.0,MIN,121.0
2015-03-07,MEM,89.0,NOP,95.0
2015-03-07,IND,92.0,NYK,86.0
2015-03-07,ATL,84.0,PHI,92.0
2015-03-08,UTA,95.0,BRK,88.0
2015-03-08,CHO,108.0,DET,101.0
2015-03-08,LAC,98.0,GSW,106.0
2015-03-08,DAL,100.0,LAL,93.0
2015-03-08,TOR,104.0,OKC,108.0
2015-03-08,BOS,98.0,ORL,103.0
2015-03-08,CHI,105.0,SAS,116.0
2015-03-09,SAC,105.0,ATL,130.0
2015-03-09,MEM,101.0,CHI,91.0
2015-03-09,WAS,95.0,CHO,69.0
2015-03-09,NYK,78.0,DEN,106.0
2015-03-09,MIN,76.0,LAC,89.0
2015-03-09,BOS,100.0,MIA,90.0
2015-03-09,NOP,114.0,MIL,103.0
2015-03-09,GSW,98.0,PHO,80.0
2015-03-10,NOP,111.0,BRK,91.0
2015-03-10,CLE,127.0,DAL,94.0
2015-03-10,ORL,86.0,IND,118.0
2015-03-10,DET,85.0,LAL,93.0
2015-03-10,TOR,107.0,SAS,117.0
2015-03-10,NYK,82.0,UTA,87.0
2015-03-11,MEM,92.0,BOS,95.0
2015-03-11,SAC,113.0,CHO,106.0
2015-03-11,ATL,102.0,DEN,115.0
2015-03-11,DET,98.0,GSW,105.0
2015-03-11,BRK,98.0,MIA,104.0
2015-03-11,ORL,91.0,MIL,97.0
2015-03-11,LAC,120.0,OKC,108.0
2015-03-11,CHI,104.0,PHI,95.0
2015-03-11,MIN,97.0,PHO,106.0
2015-03-11,HOU,100.0,POR,105.0
2015-03-12,MIL,103.0,IND,109.0
2015-03-12,NYK,101.0,LAL,94.0
2015-03-12,CLE,128.0,SAS,125.0
2015-03-12,HOU,91.0,UTA,109.0
2015-03-12,MEM,87.0,WAS,107.0
2015-03-13,ORL,88.0,BOS,95.0
2015-03-13,CHI,91.0,CHO,101.0
2015-03-13,LAC,99.0,DAL,129.0
2015-03-13,GSW,103.0,DEN,114.0
2015-03-13,MIN,99.0,OKC,113.0
2015-03-13,SAC,107.0,PHI,114.0
2015-03-13,ATL,96.0,PHO,87.0
2015-03-13,DET,99.0,POR,118.0
2015-03-13,MIA,92.0,TOR,102.0
2015-03-14,NYK,94.0,GSW,125.0
2015-03-14,BOS,93.0,IND,89.0
2015-03-14,MIL,83.0,MEM,96.0
2015-03-14,BRK,94.0,PHI,87.0
2015-03-14,DET,85.0,UTA,88.0
2015-03-14,SAC,97.0,WAS,113.0
2015-03-15,HOU,100.0,LAC,98.0
2015-03-15,ATL,91.0,LAL,86.0
2015-03-15,DEN,118.0,NOP,111.0
2015-03-15,CHI,100.0,OKC,109.0
2015-03-15,CLE,123.0,ORL,108.0
2015-03-15,NYK,89.0,PHO,102.0
2015-03-15,MIN,97.0,SAS,123.0
2015-03-15,POR,113.0,TOR,97.0
2015-03-16,PHI,89.0,BOS,108.0
2015-03-16,OKC,115.0,DAL,119.0
2015-03-16,LAL,105.0,GSW,108.0
2015-03-16,TOR,117.0,IND,98.0
2015-03-16,DEN,81.0,MEM,92.0
2015-03-16,CLE,92.0,MIA,106.0
2015-03-16,BRK,122.0,MIN,106.0
2015-03-16,ATL,110.0,SAC,103.0
2015-03-16,CHO,66.0,UTA,94.0
2015-03-16,POR,97.0,WAS,105.0
2015-03-17,MEM,95.0,DET,105.0
2015-03-17,ORL,94.0,HOU,107.0
2015-03-17,CHO,92.0,LAC,99.0
2015-03-17,MIL,84.0,NOP,85.0
2015-03-17,SAS,100.0,NYK,104.0
2015-03-18,IND,86.0,CHI,103.0
2015-03-18,BRK,92.0,CLE,117.0
2015-03-18,ORL,102.0,DAL,107.0
2015-03-18,ATL,95.0,GSW,114.0
2015-03-18,POR,104.0,MIA,108.0
2015-03-18,SAS,114.0,MIL,103.0
2015-03-18,BOS,118.0,OKC,122.0
2015-03-18,DET,83.0,PHI,94.0
2015-03-18,LAC,116.0,SAC,105.0
2015-03-18,MIN,100.0,TOR,105.0
2015-03-18,WAS,88.0,UTA,84.0
2015-03-19,DEN,108.0,HOU,118.0
2015-03-19,UTA,80.0,LAL,73.0
2015-03-19,MIN,95.0,NYK,92.0
2015-03-19,NOP,72.0,PHO,74.0
2015-03-20,MIL,127.0,BRK,129.0
2015-03-20,TOR,92.0,CHI,108.0
2015-03-20,IND,92.0,CLE,95.0
2015-03-20,MEM,112.0,DAL,101.0
2015-03-20,NOP,96.0,GSW,112.0
2015-03-20,WAS,99.0,LAC,113.0
2015-03-20,DEN,91.0,MIA,108.0
2015-03-20,ATL,115.0,OKC,123.0
2015-03-20,POR,104.0,ORL,111.0
2015-03-20,NYK,81.0,PHI,97.0
2015-03-20,CHO,91.0,SAC,101.0
2015-03-20,BOS,89.0,SAS,101.0
2015-03-21,CHI,91.0,DET,107.0
2015-03-21,UTA,91.0,GSW,106.0
2015-03-21,PHO,117.0,HOU,102.0
2015-03-21,BRK,123.0,IND,111.0
2015-03-21,POR,86.0,MEM,97.0
2015-03-22,SAS,114.0,ATL,95.0
2015-03-22,DET,105.0,BOS,97.0
2015-03-22,NOP,100.0,LAC,107.0
2015-03-22,PHI,87.0,LAL,101.0
2015-03-22,CLE,108.0,MIL,90.0
2015-03-22,CHO,109.0,MIN,98.0
2015-03-22,MIA,75.0,OKC,93.0
2015-03-22,DEN,119.0,ORL,100.0
2015-03-22,DAL,92.0,PHO,98.0
2015-03-22,WAS,86.0,SAC,109.0
2015-03-22,NYK,89.0,TOR,106.0
2015-03-23,BOS,110.0,BRK,91.0
2015-03-23,CHO,86.0,CHI,98.0
2015-03-23,WAS,76.0,GSW,107.0
2015-03-23,HOU,110.0,IND,100.0
2015-03-23,MEM,103.0,NYK,82.0
2015-03-23,MIN,106.0,UTA,104.0
2015-03-24,SAS,94.0,DAL,101.0
2015-03-24,TOR,104.0,DET,108.0
2015-03-24,MIA,88.0,MIL,89.0
2015-03-24,LAL,117.0,OKC,127.0
2015-03-24,GSW,122.0,POR,108.0
2015-03-24,PHI,106.0,SAC,107.0
2015-03-25,MIA,93.0,BOS,86.0
2015-03-25,BRK,91.0,CHO,88.0
2015-03-25,PHI,99.0,DEN,85.0
2015-03-25,CLE,111.0,MEM,89.0
2015-03-25,LAL,101.0,MIN,99.0
2015-03-25,HOU,95.0,NOP,93.0
2015-03-25,LAC,111.0,NYK,80.0
2015-03-25,ATL,95.0,ORL,83.0
2015-03-25,SAC,108.0,PHO,99.0
2015-03-25,OKC,91.0,SAS,130.0
2015-03-25,CHI,116.0,TOR,103.0
2015-03-25,POR,92.0,UTA,89.0
2015-03-25,IND,103.0,WAS,101.0
2015-03-26,IND,107.0,MIL,111.0
2015-03-27,MIA,86.0,ATL,99.0
2015-03-27,CLE,98.0,BRK,106.0
2015-03-27,UTA,91.0,DEN,107.0
2015-03-27,MIN,110.0,HOU,120.0
2015-03-27,GSW,107.0,MEM,84.0
2015-03-27,SAC,88.0,NOP,102.0
2015-03-27,BOS,96.0,NYK,92.0
2015-03-27,DET,111.0,ORL,97.0
2015-03-27,LAC,119.0,PHI,98.0
2015-03-27,POR,87.0,PHO,81.0
2015-03-27,DAL,76.0,SAS,94.0
2015-03-27,LAL,83.0,TOR,94.0
2015-03-27,CHO,107.0,WAS,110.0
2015-03-28,NYK,80.0,CHI,111.0
2015-03-28,ATL,100.0,CHO,115.0
2015-03-28,GSW,108.0,MIL,95.0
2015-03-28,DEN,114.0,POR,120.0
2015-03-28,OKC,89.0,UTA,94.0
2015-03-29,LAC,119.0,BOS,106.0
2015-03-29,LAL,99.0,BRK,107.0
2015-03-29,PHI,86.0,CLE,87.0
2015-03-29,DAL,99.0,IND,104.0
2015-03-29,DET,102.0,MIA,109.0
2015-03-29,MIN,88.0,NOP,110.0
2015-03-29,OKC,109.0,PHO,97.0
2015-03-29,MEM,89.0,SAS,103.0
2015-03-29,HOU,99.0,WAS,91.0
2015-03-30,MIL,88.0,ATL,101.0
2015-03-30,BOS,116.0,CHO,104.0
2015-03-30,SAC,83.0,MEM,97.0
2015-03-30,UTA,104.0,MIN,84.0
2015-03-30,LAL,113.0,PHI,111.0
2015-03-30,PHO,86.0,POR,109.0
2015-03-30,HOU,96.0,TOR,99.0
2015-03-31,IND,106.0,BRK,111.0
2015-03-31,ATL,95.0,DET,105.0
2015-03-31,GSW,110.0,LAC,106.0
2015-03-31,SAS,95.0,MIA,81.0
2015-04-01,IND,87.0,BOS,100.0
2015-04-01,DET,78.0,CHO,102.0
2015-04-01,SAC,111.0,HOU,115.0
2015-04-01,NOP,113.0,LAL,92.0
2015-04-01,CHI,91.0,MIL,95.0
2015-04-01,TOR,113.0,MIN,99.0
2015-04-01,BRK,100.0,NYK,98.0
2015-04-01,DAL,135.0,OKC,131.0
2015-04-01,SAS,103.0,ORL,91.0
2015-04-01,LAC,126.0,POR,122.0
2015-04-01,DEN,84.0,UTA,98.0
2015-04-01,PHI,93.0,WAS,106.0
2015-04-02,MIA,88.0,CLE,114.0
2015-04-02,HOU,108.0,DAL,101.0
2015-04-02,PHO,106.0,GSW,107.0
2015-04-03,MIL,110.0,BOS,101.0
2015-04-03,TOR,109.0,BRK,114.0
2015-04-03,DET,82.0,CHI,88.0
2015-04-03,CHO,74.0,IND,93.0
2015-04-03,POR,107.0,LAL,77.0
2015-04-03,OKC,92.0,MEM,100.0
2015-04-03,ORL,97.0,MIN,84.0
2015-04-03,NOP,101.0,SAC,95.0
2015-04-03,DEN,93.0,SAS,123.0
2015-04-03,NYK,87.0,WAS,101.0
2015-04-04,BRK,99.0,ATL,131.0
2015-04-04,PHI,91.0,CHO,92.0
2015-04-04,GSW,123.0,DAL,110.0
2015-04-04,LAC,107.0,DEN,92.0
2015-04-04,MIA,98.0,DET,99.0
2015-04-04,WAS,92.0,MEM,83.0
2015-04-04,ORL,97.0,MIL,90.0
2015-04-04,UTA,85.0,PHO,87.0
2015-04-04,NOP,90.0,POR,99.0
2015-04-04,BOS,117.0,TOR,116.0
2015-04-05,CHI,94.0,CLE,99.0
2015-04-05,MIA,89.0,IND,112.0
2015-04-05,LAC,106.0,LAL,78.0
2015-04-05,PHI,91.0,NYK,101.0
2015-04-05,HOU,115.0,OKC,112.0
2015-04-05,UTA,101.0,SAC,95.0
2015-04-05,GSW,92.0,SAS,107.0
2015-04-06,POR,96.0,BRK,106.0
2015-04-07,PHO,69.0,ATL,96.0
2015-04-07,LAL,100.0,LAC,105.0
2015-04-07,CHO,100.0,MIA,105.0
2015-04-07,GSW,100.0,NOP,103.0
2015-04-07,SAS,113.0,OKC,88.0
2015-04-07,MIN,111.0,SAC,116.0
2015-04-08,ATL,114.0,BRK,111.0
2015-04-08,TOR,92.0,CHO,74.0
2015-04-08,PHO,104.0,DAL,107.0
2015-04-08,LAL,101.0,DEN,119.0
2015-04-08,BOS,113.0,DET,103.0
2015-04-08,NOP,74.0,MEM,110.0
2015-04-08,CLE,104.0,MIL,99.0
2015-04-08,IND,102.0,NYK,86.0
2015-04-08,CHI,103.0,ORL,105.0
2015-04-08,WAS,119.0,PHI,90.0
2015-04-08,MIN,91.0,POR,116.0
2015-04-08,HOU,98.0,SAS,110.0
2015-04-08,SAC,91.0,UTA,103.0
2015-04-09,POR,105.0,GSW,116.0
2015-04-09,CHI,89.0,MIA,78.0
2015-04-10,CHO,80.0,ATL,104.0
2015-04-10,WAS,80.0,BRK,117.0
2015-04-10,BOS,99.0,CLE,90.0
2015-04-10,DAL,144.0,DEN,143.0
2015-04-10,IND,107.0,DET,103.0
2015-04-10,SAS,104.0,HOU,103.0
2015-04-10,MIN,98.0,LAL,106.0
2015-04-10,PHO,75.0,NOP,90.0
2015-04-10,MIL,99.0,NYK,91.0
2015-04-10,SAC,103.0,OKC,116.0
2015-04-10,TOR,101.0,ORL,99.0
2015-04-10,MEM,89.0,UTA,88.0
2015-04-11,PHI,107.0,CHI,114.0
2015-04-11,MIN,101.0,GSW,110.0
2015-04-11,MEM,86.0,LAC,94.0
2015-04-11,TOR,107.0,MIA,104.0
2015-04-11,NYK,80.0,ORL,79.0
2015-04-11,UTA,111.0,POR,105.0
2015-04-12,CLE,78.0,BOS,117.0
2015-04-12,SAC,111.0,DEN,122.0
2015-04-12,CHO,77.0,DET,116.0
2015-04-12,NOP,114.0,HOU,121.0
2015-04-12,OKC,104.0,IND,116.0
2015-04-12,DAL,120.0,LAL,106.0
2015-04-12,BRK,73.0,MIL,96.0
2015-04-12,PHO,91.0,SAS,107.0
2015-04-12,ATL,99.0,WAS,108.0
2015-04-13,NYK,112.0,ATL,108.0
2015-04-13,CHI,113.0,BRK,86.0
2015-04-13,HOU,100.0,CHO,90.0
2015-04-13,DET,97.0,CLE,109.0
2015-04-13,MEM,107.0,GSW,111.0
2015-04-13,DEN,103.0,LAC,110.0
2015-04-13,ORL,93.0,MIA,100.0
2015-04-13,NOP,100.0,MIN,88.0
2015-04-13,POR,90.0,OKC,101.0
2015-04-13,MIL,107.0,PHI,97.0
2015-04-13,LAL,92.0,SAC,102.0
2015-04-13,DAL,92.0,UTA,109.0
2015-04-14,TOR,93.0,BOS,95.0
2015-04-14,WAS,95.0,IND,99.0
2015-04-14,LAC,112.0,PHO,101.0
2015-04-15,ORL,88.0,BRK,101.0
2015-04-15,ATL,85.0,CHI,91.0
2015-04-15,WAS,108.0,CLE,113.0
2015-04-15,POR,98.0,DAL,114.0
2015-04-15,DEN,126.0,GSW,133.0
2015-04-15,UTA,91.0,HOU,117.0
2015-04-15,SAC,122.0,LAL,99.0
2015-04-15,IND,83.0,MEM,95.0
2015-04-15,BOS,105.0,MIL,100.0
2015-04-15,OKC,138.0,MIN,113.0
2015-04-15,SAS,103.0,NOP,108.0
2015-04-15,DET,112.0,NYK,90.0
2015-04-15,MIA,105.0,PHI,101.0
2015-04-15,CHO,87.0,TOR,92.0
